School Name,City,IB Fees (INR/year),Normal Fees (INR/year),Source
Aadya Academy – The Residential School,Bengaluru,NA,270000,https://ezyschooling.com/school/aadya-academy-the-residential-school-bangalore-karnataka/fees-structure
Aditya Birla World Academy,Mumbai,1100000,1100000,https://www.doris.school/schools/india/aditya-birla-world-academy/fees
Ahmedabad International School,Ahmedabad,361800,160950,"https://www.aischool.net/admissions/fee-structure/
https://www.doris.school/schools/india/ahmedabad-international-school"
Ambitus World School – Bachupally,Hyderabad,NA,212982,https://ambitusworldschool.com/hyderabad/wp-content/uploads/sites/2/2025/02/Fee-Structure.pdf
American Embassy School – Chanakyapuri,New Delhi,3813253,3813253,https://www.aes.ac.in/admissions/tuition-and-fees
American International School Chennai,Chennai,2813831,2813831,https://www.doris.school/schools/india/american-international-school-chennai/fees
American School of Bombay,Mumbai,3590194,3590194,https://www.doris.school/schools/india/american-school-of-bombay-secondary-campus/fees
Amity Global School – Gurgaon,Gurugram,421000,NA,https://www.uniapply.com/school/amity-global-school-sector-46-gurugram/fee-structure/
Amity Global School – Noida,Noida,614640,614640,https://amityglobalschoolnoida.com/storage/public_documents/Final%20Fee%20Structure%20AGSN.pdf
Amity International School – Gurgaon Sector 46,Gurugram,NA,162330,https://amityschools.in/gurugram46/wp-content/uploads/2026/04/Amity-International-School-Gurugram-Sector-46-Fee-structure-2026-27.pdf
Amity International School – Noida,Noida,NA,195732,https://amityschools.in/noida/wp-content/uploads/2025/03/Fee-Structure-2025-26.pdf
Amity International School – Pushp Vihar,New Delhi,NA,113928,https://amityschools.in/pushpvihar/wp-content/uploads/2024/04/Fee-Structure-2024-25.pdf
Apeejay School International – Panchsheel Park,New Delhi,791499,NA,"https://www.uniapply.com/school/apeejay-school-international-panchsheel-park-south-delhi/fee-structure/
https://intl.apeejay.edu/academic-curriculum/"
Apeejay School – Sector 16A,Noida,NA,220951,https://www.apeejay.edu/noida/wp-content/uploads/2026/04/Fee-Structure-2026-27.pdf
Ascend International School – Bandra East,Mumbai,1300000,NA,"https://ezyschooling.com/school/ascend-international-school-bandra-east-mumbai/fees-structure
https://ascendinternational.org/"
Ashok Hall Girls' Residential School,Almora,NA,473000,https://www.ashokhall.net/wp-content/uploads/2026/01/Fee-Structure-2026-27.pdf
B.D. Somani International School – Cuffe Parade,Mumbai,1100000,NA,"https://www.uniapply.com/school/bd-somani-international-school-cuffe-parade-mumbai/fee-structure/
https://bdsomaniinternationalschool.com/faqs/"
B.K. Birla Centre for Education,Pune,NA,450000,https://bkbirlacentre.com/wp-content/uploads/2026/01/Fee-Structure-2026-27.pdf
Bethany High School – Koramangala,Bengaluru,NA,72000,"https://ezyschooling.com/school/bethany-high-school-koramangala-bangalore/fees-structure
https://bethanyinstitutions.edu.in/about-us"
Billimoria High School,Panchgani,NA,635960,https://billimoriahighschool.com/fees/
Birla School Pilani,Pilani,NA,477730,https://www.birlaschoolpilani.edu.in/fee-structure-2026-2027
Bishop Cotton School,Shimla,NA,920000,"https://bishopcottonshimla.com/docs/fee_structure_2026.pdf
https://bishopcottonshimla.com/admissions"
Bombay International School – Malabar Hill,Mumbai,1000000,NA,"https://yellowslate.com/blog/best-international-schools-in-india-2026-27
https://bis.edu.in/admissions-and-financial-aid/fees-and-financial-aid/
https://bis.edu.in/admissions-and-financial-aid/ibdp-grade-11/"
Bombay Scottish School,Mumbai,NA,105000,"https://bombayscottishmahim.in/admissions/
https://en.wikipedia.org/wiki/Bombay_Scottish_School%2C_Mahim"
Cambrian Hall School,Dehradun,NA,595000,"https://ezyschooling.com/school/cambrian-hall-school-dehradun/fees-structure
https://cambrianhall.in/admission"
Canadian International School – Yelahanka,Bengaluru,1030000,NA,"https://www.uniapply.com/school/canadian-international-school-yelahanka-bangalore/fee-structure/
https://www.canadianinternationalschool.com/admissions/"
Chettinad Sarvalokaa Education – Kelambakkam,Chennai,NA,450000,"https://www.doris.school/schools/india/chettinad-sarvalokaa-education/fees
https://www.sarvalokaa.org/higher-secondary
https://admissions.sarvalokaa.org/"
CHIREC International School – Serilingampally,Hyderabad,644000,NA,"https://www.reddit.com/r/hyderabad/comments/1lw7ob5/should_i_join_chirec_international_for_ib/
https://www.chirec.ac.in/serilingampally-campus/
https://www.chirec.ac.in/serilingampally-senior-secondary/"
Delhi Public School Durgapur,Durgapur,NA,84550,"https://dpsdurgapur.com/admissions/fee-structure/
https://dpsdurgapur.com/the-school/infrastructures/hostel-facilitys/hostel-fees/"
Delhi Public School – Nacharam,Hyderabad,NA,260183,https://www.dpsnacharam.in/mandatorypublicdisclosure/
DPS International School – Pushp Vihar,New Delhi,NA,360960,"https://www.uniapply.com/school/dps-international-school-sector-6-pushp-vihar-south-delhi/fee-structure/
https://www.dpsi.ac.in/admissions.html"
DPS International – Sector 50,Gurugram,869848,NA,https://dpsiedge.edu.in/pdfs/1777871109965_Fee_Structure.pdf
Ebenezer International School Bangalore – Electronic City,Bengaluru,320000,420000,"https://www.edustoke.com/bengaluru/ebenezer-international-school-chinthalamadivala
https://eisbangalore.edu.in/"
Ecole Globale International Girls' School,Dehradun,NA,1048130,https://www.ecoleglobale.com/admission/fees-structure/
Ecole Mondiale World School,Mumbai,1090000,NA,https://www.ecolemondiale.org/admissions/fee-structure
Edubridge International School – Girgaon,Mumbai,365004,NA,"https://www.uniapply.com/school/edubridge-international-school-grant-road-east-mumbai/fee-structure/
https://www.edubridgeschool.org/"
Excelsior American School – Sector 43,Gurugram,1358220,NA,"https://ezyschooling.com/school/excelsior-american-school-dlf-phase-i-gurgaon/fees-structure
https://excelsioramericanschooladmissions.com/fee-structure"
Fazlani L'Academie Globale – Mazgaon,Mumbai,NA,650000,"https://flag.org.in/fees-structure/
https://flag.org.in/admissions/"
Firststeps School – Sector 26,Chandigarh,NA,205000,"https://www.edustoke.com/schools-in-chandigarh
https://www.firststepsschool.org/wp-content/uploads/2025/08/2025_Language-Policy-1.pdf"
G.D. Goenka Public School – Rohini,New Delhi,NA,197984,"https://www.uniapply.com/school/gd-goenka-public-school-sector-22-rohini-north-west-delhi/fee-structure/
https://gdgoenka-rohini.com/admission.php"
GD Goenka International School – Rohtak,Rohtak,NA,162000,"https://www.edutribe.in/schools/rohtak/gd-goenka-international-school-rohtak-rohtak
https://gdgoenkarohtak.com/mandatory-disclosurer/"
GD Goenka Public School – Vasant Kunj,New Delhi,NA,237800,"https://ezyschooling.com/school/gd-goenka-public-school-vasant-kunj-south-west-delhi/fees-structure
https://gdgps.gdgoenka.com/admissions"
GD Goenka World School – Sohna,Gurugram,322908,322908,"https://www.uniapply.com/school/g-d-goenka-world-school-sohna-gurgaon-road-sohna-gurugram/fee-structure/
https://gdgws.gdgoenka.com/"
Guru Nanak Fifth Centenary School – Shangri-La Girls,Mussoorie,NA,245000,"https://www.residentialschools.co.in/vendor-details/guru-nanak-fifth-centenary-school%2C-mussoorie%2C-uttarakhand/NDI0Mg%3D%3D
https://www.gnfcschool.com/how-to-apply-for-admission/"
Gyanshree School – Sector 127,Noida,NA,241200,https://www.gyanshree.in/site/img/pdf/Fee_Structure.pdf
Head Start Educational Academy – Dommasandra,Bengaluru,NA,420000,"https://ezyschooling.com/school/head-start-educational-academy-dommasandra-bangalore-bengaluru/fees-structure
https://headstarteducationalacademy.edu.in/grades-11-and-12/"
Heritage Xperiential Learning School – Sector 62,Gurugram,NA,532000,https://www.heritagexperiential.org/sec62-fee-structure/
Hill Spring International School – Tardeo,Mumbai,600000,600000,"https://www.edutribe.in/schools/mumbai/hill-spring-international-school-mumbai
https://www.hsieducation.org/images/news/April-25.pdf
https://www.ibo.org/programmes/find-an-ib-school/ibap/n/hill-spring-international-school/"
Hiranandani Upscale School – Uthandi,Chennai,490000,NA,"https://hus.edu.in/ib-fees-structure
https://www.edutribe.in/schools/mahabalipuram/hiranandani-upscale-school-hus-mahabalipuram"
HLC International School – Karanai,Chennai,NA,420000,"https://www.tutopiya.com/blog/international-school-fees/hlc-international-school-chennai-fees/
https://hlcschool.in/contact"
International School of Hyderabad,Hyderabad,1359450,NA,"https://www.ishyd.org/apps/pages/index.jsp?pREC_ID=2366813&type=d&uREC_ID=3249672
https://www.ishyd.org/apps/pages/index.jsp?pREC_ID=2366790&type=d&uREC_ID=3249257"
Jamnabai Narsee International School,Mumbai,1000000,NA,"https://www.jnis.ac.in/
https://www.vedyavani.com/top-10-international-schools-in-mumbai-for-global-curriculum-and-learning-2026/"
Jayshree Periwal International School,Jaipur,504900,NA,"https://www.doris.school/schools/india/jayshree-periwal-international-school/fees
https://jpischool.com/"
JBCN International – Oshiwara,Mumbai,774850,NA,"https://educationworld.in/jbcn-international-school-oshiwara/
https://www.jbcnschool.edu.in/oshiwara/jbcn-international-school-admissions-enquire-now/"
JBCN International – Parel,Mumbai,860850,NA,"https://educationworld.in/jbcn-international-school-parel/
https://www.jbcnschool.edu.in/parel/"
K.R. Mangalam Global School – Greater Kailash I,New Delhi,792000,NA,"https://krmangalam.global/wp-content/uploads/2025/04/2025-26-Fee-Structure-28-04-2025.pdf
https://krmangalam.global/diploma-programme/"
Keystone School – Puppalaguda,Hyderabad,NA,467000,"https://www.uniapply.com/school/keystone-school-puppalaguda-hyderabad/fee-structure/
https://www.keystoneeducation.in/"
Kodaikanal International School,Kodaikanal,2025000,2025000,"https://www.kis.in/fs/resource-manager/view/a58e7ce4-73ea-4f0b-9a76-46c11aed3f49
https://www.kis.in/new-page/learn/high-school"
Kunskapsskolan International School,Gurugram,NA,424840,"https://ked.edu.in/wp-content/uploads/2026/07/KI-cbse-factsheet_page-0001-732x1024.jpg
https://ked.edu.in/international/"
La Martiniere College,Lucknow,NA,102880,"https://www.sarkarinaukriexams.com/college/la-martiniere-college-lucknow-lmc/fee-amp
https://www.lamartinierelucknow.org/website/feeStructure
https://www.lamartinierelucknow.org/website/fees"
Lancers International School – Sector 53 / DLF Phase 5,Gurugram,1536000,NA,"https://www.lis.ac.in/wp-content/uploads/2026/06/LIS-Indian-2026-27_compressed.pdf
https://www.lis.ac.in/admission/fees/"
Legacy School – Byrathi Village,Bengaluru,550000,NA,"https://yellowslate.com/blog/best-ib-schools-in-bangalore
https://lsb.edu.in/admissions/
https://lsb.edu.in/connect/"
Mahindra International School – Hinjawadi,Pune,1763000,NA,"https://www.doris.school/schools/india/mahindra-international-school/fees
https://misp.org/wp-content/uploads/2025/06/Tuition-Fees-Policy.pdf
https://misp.org/admission/"
Mainadevi Bajaj International School – Malad,Mumbai,NA,279500,https://www.mbis.org.in/admissions/
Manav Rachna International School – Sector 46,Gurugram,NA,296600,"https://mris.edu.in/wp-content/uploads/2025/07/MRIS-46-Gurugram-2026-27.pdf
https://mris.edu.in/"
MatriKiran High School – Sector 83,Gurugram,NA,234750,"https://www.matrikiran.in/sessioneligibility.html
https://www.matrikiran.in/introduction.html
https://www.matrikiran.com/"
Mayo College,Ajmer,NA,1152000,"https://www.mayocollege.com/fee-structure
https://www.mayocollege.com/admission-information"
Mayo College Girls' School,Ajmer,NA,1152000,"https://ezyschooling.com/school/mayo-college-girls-school-ajmer/fees-structure
https://mcgs.ac.in/"
MIT Vishwashanti Gurukul World School – Loni Kalbhor,Pune,480000,NA,https://www.mitgurukul.com/fees
Modern School – Barakhamba Road,New Delhi,NA,209600,"https://www.samarthedu.in/modern-school-admission-2025/
https://modernschool.net/wp-content/uploads/2022/09/FEE-STRUCTURE-FOR-THE-YEAR-2022-2023-1.pdf
https://modernschool.net/"
Modern School – Vasant Vihar,New Delhi,NA,258060,"https://www.modernschoolvasantvihar.org/pdfs/mandatory-public-disclosure/2025/Fee%20Structure%202025.pdf
https://www.modernschoolvasantvihar.org/"
Mount Litera School International – Bandra East,Mumbai,900000,NA,"https://www.uniapply.com/school/mount-litera-school-international-bandra-kurla-complex-bandra-east-mumbai/fee-structure/
https://www.mlsi.in/fees"
Mussoorie International School,Mussoorie,1200000,1100000,"https://www.misindia.net/fee-pdf/COMPLETE%20FEE%20STRUCTURE%202025%20-%2026.pdf
https://www.scribd.com/document/1004896806/Complete-Fee-Structure-2025-26-1
https://www.misindia.net/"
Nahar International School – Andheri East,Mumbai,500000,NA,"https://yellowslate.com/blog/best-international-schools-in-mumbai
https://www.nahar-is.ac.in/
https://www.nahar-is.ac.in/pdf/Cambridge-AS-A-Level-Admission-Policy-2025-2026.pdf"
Neerja Modi School,Jaipur,200000,181600,"https://www.edustoke.com/jaipur/neerja-modi-school-mansarovar
https://nmsindia.org/school/senior-school
https://nmsindia.org/uploads/docs/1738648088.pdf"
Oakridge International School – Gachibowli,Hyderabad,753500,560000,"https://yellowslate.com/blog/oakridge-international-school-gachibowli-hyderabad-fee-review-admission-curriculum-facility-and-more
https://www.oakridge.in/gachibowli/about-our-school/
https://www.oakridge.in/gachibowli/academics/curricula-offered/"
Oberoi International School – JVLR,Mumbai,1200000,NA,"https://www.scribd.com/document/923979988/Ois-Ibdp-Fee-Structure-Ay-2026-28
https://www.oberoi-is.org/learning/ibdp-grades-11-12-at-ois
https://www.oberoi-is.org/"
Oberoi International School – OGC,Mumbai,1200000,NA,"https://www.scribd.com/document/923979988/Ois-Ibdp-Fee-Structure-Ay-2026-28
https://www.oberoi-is.org/learning/ibdp-grades-11-12-at-ois
https://www.oberoi-is.org/"
One World International School – Sarjapur,Bengaluru,600000,NA,"https://ezyschooling.com/school/one-world-international-school-sarjapur-bangalore/fees-structure
https://owis.org/in/bangalore/"
Pathways School – Gurgaon,Gurugram,1528000,NA,"https://www.pathwaysgurgaon.edu.in/fee-structure
https://www.pathwaysgurgaon.edu.in/"
Pathways World School – Sohna / Aravali,Gurugram,1485000,NA,"https://www.pws.edu.in/gurgaon/fee-structure
https://www.pws.edu.in/gurgaon/"
Prometheus School – Sector 131,Noida,1110000,926000,"https://prometheusschool.com/fee-structure/
https://prometheusschool.com/"
Rishi Valley School,Madanapalle,NA,875000,"https://truemaths.com/rishi-valley-school-admission-fees-alumni/
https://www.rishivalley.org/admissions
https://www.rishivalley.org/s/Information-Brochure_2025-26.pdf"
Sanjay Ghodawat International School – Atigre,Kolhapur,NA,170000,"https://sgischool.in/sgis-kolhapur/wp-content/uploads/2026/05/Fees-Structure-2025-2026.pdf
https://sgischool.in/
https://sgischool.in/how-to-apply/"
Scindia Kanya Vidyalaya,Gwalior,NA,841000,"https://www.skvgwalior.org/assets/files/Fee-structure-2026-2027.pdf
https://www.skvgwalior.org/fee-structure"
Scottish High International School – Sector 57,Gurugram,929244,519312,"https://scottishigh.com/admissions/fee-structure/
https://yellowslate.com/blog/best-ib-schools-in-gurugram
https://www.instagram.com/reel/DbNjR0BI_uX/"
Sehwag International School,Jhajjar,NA,140000,"https://edunext-main-storage-cf.edunexttechnologies.com/sisjsehwag/school___static/1778390564021_Fee_Structure_Day_Boarder_202627_1.pdf
https://sisj.in/fee
https://sisj.in/mandatory-public-disclosure"
Sherwood College,Nainital,NA,650000,"https://www.edustoke.com/residential/nainital/sherwood-college-ayarpatta
https://www.sherwood.edu.in/"
Shikshantar School – Sector 41,Gurugram,NA,232190,"https://www.uniapply.com/school/shikshantar-school-sector-41-gurugram/fee-structure/
https://www.shikshantarschool.com/fee-structure.html
https://www.shikshantarschool.com/middle-senior/middle-senior-admissions.html"
Shiv Nadar School – Sector 26A,Gurugram,1035500,420652,"https://shivnadarschool.edu.in/sites/default/files/2026-06/AY-26-27-Gurgaon-IB-DP-Fee-Structure.pdf
https://shivnadarschool.edu.in/sites/default/files/2026-06/AY-26-27-Gurgaon-CBSE-Fee-Structure.pdf
https://shivnadarschool.edu.in/fee"
Stonehill International School – North Bengaluru,Bengaluru,2024271,NA,"https://www.doris.school/schools/india/stonehill-international-school/fees
https://www.stonehill.in/admissions
https://www.stonehill.in/faqs
https://www.stonehill.in/"
Swarnprastha Public School,Sonipat,NA,171600,"https://www.swarnprastha.com/pdf/SPS-Fee-Structure-Non-Boarding-2025-26.pdf
https://www.swarnprastha.com/admission/fee-structure/"
The Academic City School – Bengaluru,Bengaluru,NA,549000,"https://yellowslate.com/blog/the-academic-city-school-bangalore-fee-reviews-admission-curriculum-infrastructure-more
https://theacademiccity.com/"
The Aga Khan Academy Hyderabad – Hardware Park,Hyderabad,1466500,NA,"https://www.agakhanacademies.org/sites/default/files/FEE%20STRUCTURE%20ACADEMIC%20YEAR%202026-27.pdf
https://www.agakhanacademies.org/hyderabad/fee-structure"
The Doon School,Dehradun,1654000,1454000,"https://www.doonschool.com/admissions/fee-structure/
https://www.doonschool.com/admissions/apply-now/"
The International School Bangalore,Bengaluru,1060000,NA,"https://www.doris.school/schools/india/the-international-school-bangalore-%28tisb%29/fees
https://tisb.org/faq.html
https://tisb.org/ibdp-grades-11-12.html
https://www.tisb.org/"
"The Lawrence School, Lovedale",Ooty,NA,710000,"https://www.thelawrenceschool.org/_files/ugd/0d93b2_4f0c25826ce640fdbdb3aa07a0737283.pdf
https://www.thelawrenceschool.org/admissions
https://www.thelawrenceschool.org/pdfmandatorydisclosurelink"
"The Lawrence School, Sanawar",Solan,NA,1070800,"https://www.sanawar.edu.in/assets/files/Fee-Structure-2026.pdf
https://www.sanawar.edu.in/admission-fees.php"
The Scindia School – Fort Campus,Gwalior,NA,1071500,"https://true11plus.com/scindia-school-gwalior-fee-structure/
https://www.scindia.edu/fee-indian/
https://www.scindia.edu/downloads/"
The Shri Ram School – Aravali,Gurugram,NA,346000,"https://www.reddit.com/r/gurgaon/comments/1h9jflz/
https://sar.tsrs.org/isc/
https://sar.tsrs.org/"
The Shri Ram School – Moulsari,Gurugram,NA,320000,"https://www.edustoke.com/gurugram/the-shri-ram-school-sector-24
https://tsrs.org/moulsari/
https://ml.tsrs.org/ib-at-tsrs/"
The TonsBridge School,Dehradun,NA,87000,"https://www.thetonsbridge.com/wp-content/uploads/2025/09/Fee-Structure-Grade-11-2026-27.pdf
https://www.thetonsbridge.com/"
Trio World Academy – Sahakar Nagar,Bengaluru,300000,NA,"https://www.uniapply.com/school/trio-world-academy-defence-layout-sahakar-nagar-bangalore/fee-structure/
https://www.trioworldacademy.com/ib-diploma-programme.php
https://www.trioworldacademy.com/faqs.php"
Unison World School,Dehradun,NA,1120000,"https://uws.edu.in/fee-structure.php/pay-fee
https://uws.edu.in/admission-overview.php
https://uws.edu.in/academics-overview.php"
Universal Wisdom School – Balewadi,Pune,NA,NA,"https://www.universalwisdomschool.in/admission.php
https://www.universalwisdomschool.in/"
Prabhavati Padamshi Soni International Junior College – Juhu,Mumbai,NA,447000,https://ppsijc.org/admission/
UWC Mahindra College – Paud,"Paud, Pune district",2875000,NA,"https://www.uwcmahindracollege.org/fees-and-financial-support/
https://uwc.org/fees-and-scholarships/
https://uwc.org/school/uwc-mahindra-college/"
Vaels International School – Injambakkam,Chennai,NA,NA,"https://www.vaelsinternationalschool.com/highschool
https://www.schoolsuniverse.com/school/vaels-international-school-injambakkam-chennai-1
https://yellowslate.com/school/chennai/vaels-international-school-injambakkam"
Welham Boys' School,Dehradun,NA,570000,"https://www.doris.school/schools/india/welham-boys-school/fees
https://www.welhamboys.org/overview-admission-welham-boys-school
https://www.welhamboys.org/"
Welham Girls' School,Dehradun,NA,1110000,"https://www.welhamgirls.com/fee-structure-welham-girls-school-dehradun
https://www.welhamgirls.com/academics-overview-welham-girls-school-dehradun"
Wellington College International Pune – Wagholi,Pune,800000,NA,"https://www.edustoke.com/pune/wellington-college-international-pune-wagholi
https://pune.wellingtoncollege.in/fees
https://pune.wellingtoncollege.in/ib-diploma-programme
https://pune.wellingtoncollege.in/admissions-wci-pune"
Woodstock School,Mussoorie,1765000,NA,"https://www.woodstockschool.in/fees-copy/
https://www.woodstockschool.in/fees/"
